City_ID,City,Country,Date,Lat,Lng,Max Temp,Humidity,Cloudiness,Wind Speed
0,Guerrero Negro,MX,2022-10-03 02:34:30,27.9769,-114.0611,68.49,79,3,15.46
1,Narsaq,GL,2022-10-03 02:34:26,60.9167,-46.05,35.82,64,51,5.12
2,Vestmannaeyjar,IS,2022-10-03 02:34:30,63.4427,-20.2734,49.96,85,100,12.37
3,Airai,TL,2022-10-03 02:34:31,-8.9266,125.4092,72.97,64,97,1.01
4,Carnarvon,AU,2022-10-03 02:34:30,-24.8667,113.6333,74.61,40,0,13.65
5,Poya,NC,2022-10-03 02:34:31,-21.35,165.15,76.96,59,80,11.45
6,Albany,US,2022-10-03 02:32:17,42.6001,-73.9662,48.34,65,100,4.41
7,Busselton,AU,2022-10-03 02:34:32,-33.65,115.3333,60.84,45,75,11.23
8,Cayenne,GF,2022-10-03 02:30:04,4.9333,-52.3333,77.04,94,0,0.0
9,Ushuaia,AR,2022-10-03 02:34:32,-54.8,-68.3,40.66,81,0,3.44
10,Port Alfred,ZA,2022-10-03 02:34:33,-33.5906,26.891,60.19,86,40,7.0
11,Atuona,PF,2022-10-03 02:34:33,-9.8,-139.0333,77.02,74,46,19.6
12,Qaanaaq,GL,2022-10-03 02:34:33,77.484,-69.3632,6.89,74,65,7.67
13,Ilulissat,GL,2022-10-03 02:34:34,69.2167,-51.1,32.02,86,100,1.14
14,Sol-Iletsk,RU,2022-10-03 02:34:34,51.1631,54.9918,45.9,33,40,10.69
15,Sitka,US,2022-10-03 02:31:52,57.0531,-135.33,55.29,67,75,0.0
16,Arraial Do Cabo,BR,2022-10-03 02:34:35,-22.9661,-42.0278,68.86,90,100,6.17
17,East London,ZA,2022-10-03 02:34:35,-33.0153,27.9116,65.88,86,38,18.59
18,Kalianget,ID,2022-10-03 02:34:35,-7.05,113.9333,85.23,66,89,2.8
19,Jamestown,US,2022-10-03 02:34:36,42.097,-79.2353,44.24,62,0,10.36
20,Rikitea,PF,2022-10-03 02:34:36,-23.1203,-134.9692,74.73,69,43,5.93
21,Tieli,CN,2022-10-03 02:34:37,46.95,128.05,38.7,94,100,15.46
22,San Patricio,US,2022-10-03 02:30:45,28.017,-97.5169,78.84,52,100,4.7
23,Zhigansk,RU,2022-10-03 02:34:37,66.7697,123.3711,27.16,83,99,3.83
24,Punta Arenas,CL,2022-10-03 02:34:37,-53.15,-70.9167,42.91,65,0,9.22
25,Finschhafen,PG,2022-10-03 02:34:38,-6.6024,147.8681,85.91,65,22,9.46
26,Vaini,TO,2022-10-03 02:34:38,-21.2,-175.2,78.96,78,75,11.5
27,Mataura,NZ,2022-10-03 02:34:39,-46.1927,168.8643,47.48,44,94,9.95
28,Mahebourg,MU,2022-10-03 02:34:39,-20.4081,57.7,70.25,73,40,10.36
29,Ostrovnoy,RU,2022-10-03 02:34:40,68.0531,39.5131,35.58,87,47,11.95
30,Hambantota,LK,2022-10-03 02:34:40,6.1241,81.1185,82.74,78,40,12.66
31,Bambous Virieux,MU,2022-10-03 02:34:40,-20.3428,57.7575,70.21,73,40,10.36
32,Bayir,TR,2022-10-03 02:34:41,37.2687,28.2167,66.72,77,0,7.65
33,Ruteng,ID,2022-10-03 02:31:01,-8.6136,120.4721,72.91,74,54,0.74
34,Hilo,US,2022-10-03 02:34:41,19.7297,-155.09,83.93,73,0,6.91
35,Castro,BR,2022-10-03 02:34:42,-24.7911,-50.0119,57.54,97,29,5.3
36,Freeport,US,2022-10-03 02:30:18,40.6576,-73.5832,53.96,64,75,24.16
37,Saskylakh,RU,2022-10-03 02:34:43,71.9167,114.0833,25.34,95,98,10.96
38,Butaritari,KI,2022-10-03 02:34:43,3.0707,172.7902,82.47,73,94,15.99
39,Kodiak,US,2022-10-03 02:34:44,57.79,-152.4072,53.11,66,75,9.22
40,New Port Richey,US,2022-10-03 02:30:53,28.2442,-82.7193,77.95,77,0,4.0
41,Hamilton,US,2022-10-03 02:32:22,39.1834,-84.5333,58.87,75,0,10.36
42,Taltal,CL,2022-10-03 02:34:45,-25.4,-70.4833,59.0,72,7,0.45
43,Bluff,NZ,2022-10-03 02:34:45,-46.6,168.3333,47.8,51,97,19.04
44,Myitkyina,MM,2022-10-03 02:34:46,25.3833,97.4,74.89,100,100,0.58
45,Omboue,GA,2022-10-03 02:34:46,-1.5746,9.2618,75.15,91,100,4.29
46,Yellowknife,CA,2022-10-03 02:34:46,62.456,-114.3525,41.56,65,20,9.22
47,Mananjary,MG,2022-10-03 02:35:47,-21.2167,48.3333,64.04,88,0,6.51
48,Griffith,US,2022-10-03 02:32:16,41.5284,-87.4237,58.93,84,0,6.91
49,Whakatane,NZ,2022-10-03 02:35:47,-37.9585,176.9854,66.78,93,45,7.34
50,Payson,US,2022-10-03 02:35:48,40.0444,-111.7321,63.88,56,0,11.5
51,Aksu,CN,2022-10-03 02:35:48,41.1231,80.2644,56.1,23,82,2.06
52,Bethel,US,2022-10-03 02:32:33,41.3712,-73.414,52.16,58,0,8.05
53,Rotterdam,NL,2022-10-03 02:35:49,51.9225,4.4792,53.91,92,20,2.3
54,Hualmay,PE,2022-10-03 02:35:49,-11.0964,-77.6139,62.11,85,50,9.33
55,Norman Wells,CA,2022-10-03 02:34:41,65.282,-126.8329,33.84,93,100,3.44
56,Kapaa,US,2022-10-03 02:35:49,22.0752,-159.319,82.38,77,75,18.41
57,Tasiilaq,GL,2022-10-03 02:32:06,65.6145,-37.6368,37.56,99,100,9.57
58,Puerto Ayora,EC,2022-10-03 02:35:50,-0.7393,-90.3518,63.55,97,92,4.0
59,Killybegs,IE,2022-10-03 02:35:51,54.6333,-8.45,52.2,85,100,8.12
60,Lebu,CL,2022-10-03 02:35:51,-37.6167,-73.65,50.34,84,100,3.53
61,Parati,BR,2022-10-03 02:35:51,-23.2178,-44.7131,67.05,96,95,0.56
62,Boa Vista,BR,2022-10-03 02:35:52,2.8197,-60.6733,76.98,88,40,3.44
63,Port-Gentil,GA,2022-10-03 02:35:52,-0.7193,8.7815,77.29,86,100,9.8
64,Tayga,RU,2022-10-03 02:32:13,56.06,85.6197,27.52,67,20,3.2
65,Avarua,CK,2022-10-03 02:35:52,-21.2078,-159.775,77.05,61,75,18.41
66,Kibaya,TZ,2022-10-03 02:35:53,-5.3,36.5667,51.24,96,73,3.2
67,Cotonou,BJ,2022-10-03 02:35:53,6.3654,2.4183,75.18,94,78,2.3
68,Yaguacire,HN,2022-10-03 02:35:54,14.0167,-87.2167,71.17,78,75,7.0
69,Bredasdorp,ZA,2022-10-03 02:35:54,-34.5322,20.0403,53.73,91,100,7.38
70,Fortuna,US,2022-10-03 02:35:55,40.5982,-124.1573,59.94,82,5,1.1
71,Cape Town,ZA,2022-10-03 02:35:55,-33.9258,18.4232,59.41,83,75,5.01
72,Malangali,TZ,2022-10-03 02:35:55,-8.5667,34.85,57.09,73,7,8.79
73,Kedrovyy,RU,2022-10-03 02:35:56,56.1667,91.8167,34.21,62,50,1.66
74,Barra Do Garcas,BR,2022-10-03 02:34:39,-15.89,-52.2567,73.44,84,100,3.47
75,Tabas,IR,2022-10-03 02:35:56,33.5959,56.9244,68.22,26,0,2.3
76,Dikson,RU,2022-10-03 02:32:01,73.5069,80.5464,31.5,93,100,24.61
77,Leningradskiy,RU,2022-10-03 02:35:57,69.3833,178.4167,29.75,88,100,3.91
78,Vao,NC,2022-10-03 02:35:57,-22.6667,167.4833,69.75,75,76,14.56
79,Saint-Philippe,RE,2022-10-03 02:35:57,-21.3585,55.7679,65.79,79,20,10.13
80,Hermanus,ZA,2022-10-03 02:35:58,-34.4187,19.2345,59.81,84,94,10.89
81,Half Moon Bay,US,2022-10-03 02:35:58,37.4636,-122.4286,66.54,75,0,12.66
82,Talnakh,RU,2022-10-03 02:33:27,69.4865,88.3972,31.21,94,100,13.22
83,Zhangjiakou,CN,2022-10-03 02:35:59,40.81,114.8794,46.18,69,100,15.21
84,Shahrud,IR,2022-10-03 02:35:59,36.4182,54.9763,58.96,56,0,3.47
85,Portland,US,2022-10-03 02:34:12,45.5234,-122.6762,80.53,55,0,1.01
86,Constitucion,CL,2022-10-03 02:36:00,-35.3333,-72.4167,50.34,93,88,6.49
87,Acapulco,MX,2022-10-03 02:34:37,16.8634,-99.8901,80.42,74,40,5.75
88,Nouadhibou,MR,2022-10-03 02:31:54,20.931,-17.0347,73.38,64,0,10.36
89,Atar,MR,2022-10-03 02:36:00,20.5169,-13.0499,87.03,27,8,5.3
90,Hasaki,JP,2022-10-03 02:37:01,35.7333,140.8333,82.29,62,93,4.52
91,Omsukchan,RU,2022-10-03 02:37:01,62.5333,155.8,21.61,84,100,5.82
92,Thompson,CA,2022-10-03 02:37:01,55.7435,-97.8558,60.96,55,20,12.66
93,Lavrentiya,RU,2022-10-03 02:33:18,65.5833,-171.0,38.59,76,18,11.88
94,Sumbe,AO,2022-10-03 02:35:01,-11.2061,13.8437,71.56,85,95,2.46
95,Luderitz,NA,2022-10-03 02:35:46,-26.6481,15.1594,56.46,80,0,16.91
96,Kolpashevo,RU,2022-10-03 02:32:20,58.3131,82.9089,33.21,63,28,4.34
97,Geraldton,AU,2022-10-03 02:37:02,-28.7667,114.6,72.01,46,1,11.5
98,Narrabri,AU,2022-10-03 02:37:03,-30.3167,149.7833,71.53,39,17,4.0
99,Galle,LK,2022-10-03 02:37:03,6.0367,80.217,80.67,81,100,20.49
100,Traverse City,US,2022-10-03 02:32:38,44.7631,-85.6206,50.34,87,0,0.0
101,Vieste,IT,2022-10-03 02:37:03,41.8825,16.175,67.84,76,11,7.58
102,Fukue,JP,2022-10-03 02:37:04,32.6881,128.8419,79.16,78,20,13.8
103,Aklavik,CA,2022-10-03 02:37:04,68.2191,-135.0107,26.96,97,100,4.9
104,Pitimbu,BR,2022-10-03 02:37:04,-7.4706,-34.8086,73.99,77,2,9.98
105,Hithadhoo,MV,2022-10-03 02:37:06,-0.6,73.0833,81.63,68,92,14.16
106,Whitehorse,CA,2022-10-03 02:32:44,60.7161,-135.0538,48.97,53,75,10.36
107,Christchurch,NZ,2022-10-03 02:37:06,-43.5333,172.6333,57.4,58,75,10.36
108,Port Hedland,AU,2022-10-03 02:37:07,-20.3167,118.5667,80.65,61,0,11.5
109,Bassila,BJ,2022-10-03 02:37:07,9.0081,1.6654,70.14,96,32,1.99
110,San Nicolas,PH,2022-10-03 02:37:08,18.1725,120.5953,87.71,58,20,3.44
111,Shymkent,KZ,2022-10-03 02:37:08,42.3,69.6,48.79,53,89,6.71
112,Kulhudhuffushi,MV,2022-10-03 02:37:09,6.6221,73.07,80.24,78,100,18.16
113,Daru,PG,2022-10-03 02:37:09,-9.0763,143.2092,82.67,79,46,12.84
114,Hobart,AU,2022-10-03 02:37:09,-42.8794,147.3294,61.05,64,75,12.66
115,Biloela,AU,2022-10-03 02:37:10,-24.4167,150.5,78.37,36,70,6.51
116,Ulaangom,MN,2022-10-03 02:37:10,49.9811,92.0667,32.54,38,0,1.81
117,Berezovyy,RU,2022-10-03 02:37:10,51.6667,135.7,47.91,61,100,3.22
118,Sechura,PE,2022-10-03 02:37:11,-5.5569,-80.8222,63.64,83,16,14.58
119,Nikolskoye,RU,2022-10-03 02:37:12,59.7035,30.7861,44.49,80,100,10.92
120,Seminole,US,2022-10-03 02:33:41,28.7086,-81.2081,75.2,72,0,3.44
121,Itaituba,BR,2022-10-03 02:37:12,-4.2761,-55.9836,73.83,94,96,2.42
122,Huai Thalaeng,TH,2022-10-03 02:37:12,14.997,102.6475,79.16,89,100,10.38
123,Ambon,ID,2022-10-03 02:37:13,-3.6954,128.1814,89.74,66,20,6.91
124,Torbay,CA,2022-10-03 02:37:13,47.6666,-52.7314,45.27,74,20,9.22
125,Bambanglipuro,ID,2022-10-03 02:37:14,-7.95,110.2833,80.69,79,100,10.18
126,Port Elizabeth,ZA,2022-10-03 02:37:14,-33.918,25.5701,61.32,91,20,26.46
127,Beloha,MG,2022-10-03 02:37:14,-25.1667,45.05,64.58,71,0,4.76
128,New Norfolk,AU,2022-10-03 02:37:15,-42.7826,147.0587,60.71,40,100,3.76
129,Cabo San Lucas,MX,2022-10-03 02:33:11,22.8909,-109.9124,86.31,57,40,6.91
130,Skibbereen,IE,2022-10-03 02:37:15,51.55,-9.2667,59.11,87,98,13.09
131,Nanortalik,GL,2022-10-03 02:37:16,60.1432,-45.2371,36.57,81,24,11.05
132,Imbituba,BR,2022-10-03 02:37:16,-28.24,-48.6703,59.13,93,29,6.89
133,Abnub,EG,2022-10-03 02:37:16,27.2696,31.1511,79.02,45,0,9.08
134,Kaitangata,NZ,2022-10-03 02:34:28,-46.2817,169.8464,50.32,54,69,14.54
135,Baykit,RU,2022-10-03 02:38:17,61.67,96.37,32.85,71,87,5.79
136,Namibe,AO,2022-10-03 02:38:17,-15.1961,12.1522,65.84,82,94,8.41
137,Vila Franca Do Campo,PT,2022-10-03 02:38:18,37.7167,-25.4333,73.2,86,67,10.54
138,Punjai Puliyampatti,IN,2022-10-03 02:38:18,11.35,77.2,76.24,64,100,4.05
139,Meulaboh,ID,2022-10-03 02:38:18,4.1363,96.1285,81.3,74,92,2.75
140,Broome,US,2022-10-03 02:38:19,42.2506,-75.833,48.54,81,0,5.75
141,Tuktoyaktuk,CA,2022-10-03 02:38:19,69.4541,-133.0374,26.6,80,100,8.05
142,Ponta Do Sol,PT,2022-10-03 02:38:20,32.6667,-17.1,70.43,70,3,2.8
143,Chokurdakh,RU,2022-10-03 02:37:04,70.6333,147.9167,25.47,61,59,9.98
144,Esperance,AU,2022-10-03 02:38:20,-33.8667,121.9,56.79,75,96,18.66
145,Marawi,PH,2022-10-03 02:38:21,7.9986,124.2928,81.19,65,100,1.25
146,Ipixuna,BR,2022-10-03 02:38:21,-1.7625,-48.8043,75.31,92,86,5.17
147,Kropotkin,RU,2022-10-03 02:33:40,45.4375,40.5756,60.24,75,100,13.89
148,Ozernovskiy,RU,2022-10-03 02:38:22,51.5,156.5167,47.08,76,100,19.95
149,Khandyga,RU,2022-10-03 02:38:22,62.6667,135.6,30.15,41,11,4.83
150,Salvador,SV,2022-10-03 02:36:38,13.8333,-88.9167,72.05,96,100,0.56
151,Cherskiy,RU,2022-10-03 02:38:23,68.75,161.3,29.05,87,100,12.62
152,Paamiut,GL,2022-10-03 02:37:58,61.994,-49.6678,33.93,62,57,6.08
153,Cidreira,BR,2022-10-03 02:38:23,-30.1811,-50.2056,60.15,88,2,3.74
154,Boisoara,RO,2022-10-03 02:38:24,45.4333,24.3833,46.29,88,95,3.11
155,Iqaluit,CA,2022-10-03 02:33:25,63.7506,-68.5145,26.33,86,20,0.0
156,Bubaque,GW,2022-10-03 02:38:24,11.2833,-15.8333,81.34,75,85,9.06
157,Severo-Yeniseyskiy,RU,2022-10-03 02:38:25,60.3725,93.0408,29.23,73,100,6.46
158,Umba,RU,2022-10-03 02:38:25,66.6871,34.3429,42.15,93,99,7.63
159,Severo-Kurilsk,RU,2022-10-03 02:38:25,50.6789,156.125,48.79,68,99,13.56
160,Kenai,US,2022-10-03 02:38:26,60.5544,-151.2583,48.29,96,100,6.91
161,Sitrah,BH,2022-10-03 02:38:26,26.1547,50.6206,82.4,78,0,1.14
162,Mar Del Plata,AR,2022-10-03 02:37:01,-38.0023,-57.5575,48.94,78,75,8.05
163,Klaksvik,FO,2022-10-03 02:35:49,62.2266,-6.589,52.72,86,79,18.97
164,Vanavara,RU,2022-10-03 02:38:27,60.34,102.2797,30.67,76,100,6.51
165,Kavieng,PG,2022-10-03 02:38:27,-2.5744,150.7967,84.76,68,13,9.17
166,Coquimbo,CL,2022-10-03 02:38:28,-29.9533,-71.3436,55.13,94,100,2.3
167,Ada,US,2022-10-03 02:38:28,43.4166,-116.1262,68.61,46,0,6.91
168,Roquetas De Mar,ES,2022-10-03 02:38:29,36.7642,-2.6148,79.61,43,74,8.12
169,Flin Flon,CA,2022-10-03 02:38:29,54.7682,-101.865,57.54,70,6,8.01
170,Catamarca,AR,2022-10-03 02:38:30,-28.4696,-65.7852,73.06,48,86,16.75
171,Grindavik,IS,2022-10-03 02:38:30,63.8424,-22.4338,48.15,81,75,20.71
172,Champerico,GT,2022-10-03 02:38:30,14.3,-91.9167,78.78,80,88,2.42
173,Falun,SE,2022-10-03 02:38:31,60.6036,15.626,45.21,97,100,1.23
174,San Borja,BO,2022-10-03 02:38:31,-14.8167,-66.85,74.43,66,43,2.64
175,Broken Hill,AU,2022-10-03 02:38:32,-31.95,141.4333,75.16,24,86,10.27
176,Fairbanks,US,2022-10-03 02:38:32,64.8378,-147.7164,45.61,85,100,4.61
177,Wanlaweyn,SO,2022-10-03 02:38:32,2.6185,44.8938,73.74,81,100,11.83
178,Tonekabon,IR,2022-10-03 02:38:33,36.8163,50.8738,66.15,71,1,4.99
179,Petropavlovsk-Kamchatskiy,RU,2022-10-03 02:38:33,53.0452,158.6483,48.78,57,75,6.71
180,Jumla,NP,2022-10-03 02:38:33,29.2747,82.1838,64.92,60,0,1.41
181,Belyy Yar,RU,2022-10-03 02:39:34,53.6039,91.3903,31.89,75,0,0.0
182,Rocha,UY,2022-10-03 02:39:34,-34.4833,-54.3333,48.0,85,4,7.38
183,Dasoguz,TM,2022-10-03 02:39:34,41.8363,59.9666,37.35,52,0,9.22
184,La Roche-Sur-Yon,FR,2022-10-03 02:39:35,46.6667,-1.4333,59.27,94,100,5.75
185,Chuy,UY,2022-10-03 02:39:35,-33.6971,-53.4616,51.4,92,7,7.87
186,Pisco,PE,2022-10-03 02:39:36,-13.7,-76.2167,60.03,88,40,10.36
187,Labuhan,ID,2022-10-03 02:39:36,-6.8844,112.2051,86.81,63,98,3.36
188,Akcakoca,TR,2022-10-03 02:39:37,41.0866,31.1162,60.67,83,10,4.76
189,Altay,CN,2022-10-03 02:39:37,47.8667,88.1167,41.95,20,0,3.53
190,Mbaiki,CF,2022-10-03 02:39:37,3.8678,17.9892,68.76,100,100,1.61
191,Asau,RO,2022-10-03 02:39:38,46.4333,26.4,49.28,83,73,6.58
192,Monterey,US,2022-10-03 02:39:38,36.2505,-121.2516,68.18,1,0,8.46
193,Vanimo,PG,2022-10-03 02:39:39,-2.6741,141.3028,86.09,66,62,9.73
194,Haines Junction,CA,2022-10-03 02:39:39,60.7522,-137.5108,51.75,46,91,8.05
195,Husavik,IS,2022-10-03 02:39:40,66.0449,-17.3389,44.87,77,67,11.77
196,Dunedin,NZ,2022-10-03 02:36:31,-45.8742,170.5036,49.73,59,71,18.9
197,Conceicao Da Barra,BR,2022-10-03 02:39:40,-18.5933,-39.7322,73.51,91,30,7.83
198,Tagusao,PH,2022-10-03 02:39:40,9.1924,117.8141,86.13,67,100,5.61
199,Vizianagaram,IN,2022-10-03 02:39:41,18.1167,83.4167,80.11,73,100,4.92
200,Mitsamiouli,KM,2022-10-03 02:39:41,-11.3847,43.2844,73.22,76,3,5.73
201,Beyneu,KZ,2022-10-03 02:39:42,45.3167,55.2,50.72,43,3,15.17
202,Bar Harbor,US,2022-10-03 02:39:42,44.3876,-68.2039,48.97,74,0,4.61
203,Jacareacanga,BR,2022-10-03 02:39:42,-6.2222,-57.7528,72.09,97,75,1.66
204,Kavaratti,IN,2022-10-03 02:39:43,10.5669,72.642,80.73,77,100,14.2
205,Awbari,LY,2022-10-03 02:39:43,26.5921,12.7805,75.63,56,0,9.75
206,Gigmoto,PH,2022-10-03 02:39:44,13.7796,124.39,86.02,70,95,8.03
207,Bongandanga,CD,2022-10-03 02:39:44,1.5,21.05,67.23,99,100,2.08
208,Kasane,BW,2022-10-03 02:39:46,-17.8167,25.15,65.3,31,0,5.03
209,Malpura,IN,2022-10-03 02:39:46,26.2833,75.3833,81.25,53,0,11.43
210,Saint-Denis,FR,2022-10-03 02:39:47,48.9167,2.3333,52.09,97,100,4.61
211,Keningau,MY,2022-10-03 02:39:47,5.3378,116.1602,88.41,59,82,1.54
212,Fasa,IR,2022-10-03 02:39:26,28.9383,53.6482,58.24,36,0,4.61
213,Salalah,OM,2022-10-03 02:39:48,17.0151,54.0924,78.89,89,75,4.61
214,Faanui,PF,2022-10-03 02:39:48,-16.4833,-151.75,78.96,72,2,13.91
215,Kaili,ID,2022-10-03 02:39:48,-3.4626,120.2147,79.11,69,89,4.14
216,Mahanoro,MG,2022-10-03 02:39:49,-19.9,48.8,62.78,87,2,3.94
217,Yura,PE,2022-10-03 02:39:49,-16.2522,-71.6797,57.72,20,0,6.91
218,Port Hardy,CA,2022-10-03 02:39:49,50.6996,-127.4199,51.98,100,20,4.61
219,Stokmarknes,NO,2022-10-03 02:39:50,68.5646,14.9108,46.38,93,100,4.61
220,Moerai,PF,2022-10-03 02:39:50,-22.4333,-151.3333,71.76,71,23,24.94
221,Randolph,US,2022-10-03 02:39:50,35.7001,-79.8164,57.45,92,100,1.99
222,Havoysund,NO,2022-10-03 02:39:51,70.9963,24.6622,41.23,73,99,5.84
223,San Cristobal,VE,2022-10-03 02:39:51,7.7669,-72.225,71.78,95,42,2.15
224,Ust-Maya,RU,2022-10-03 02:39:52,60.4167,134.5333,32.09,51,100,8.23
225,Kutum,SD,2022-10-03 02:35:53,14.2,24.6667,76.73,46,78,6.82
226,Souillac,MU,2022-10-03 02:39:36,-20.5167,57.5167,70.18,73,40,10.36
227,Cartagena,CO,2022-10-03 02:36:12,10.3997,-75.5144,82.02,83,20,5.75
228,Longyearbyen,SJ,2022-10-03 02:39:53,78.2186,15.6401,37.24,93,75,2.3
229,Tuatapere,NZ,2022-10-03 02:40:53,-46.1333,167.6833,49.8,56,83,13.02
230,Nelson Bay,AU,2022-10-03 02:40:54,-32.7167,152.15,66.25,64,45,4.0
231,Lasa,IT,2022-10-03 02:40:54,46.6166,10.7002,56.28,96,84,8.37
232,Vila Velha,BR,2022-10-03 02:37:50,-20.3297,-40.2925,75.15,89,75,4.61
233,Paita,PE,2022-10-03 02:40:55,-5.0892,-81.1144,64.17,84,60,11.97
234,Sindor,RU,2022-10-03 02:40:55,62.8629,51.8905,49.19,98,100,6.62
235,Sistranda,NO,2022-10-03 02:40:55,63.7256,8.834,48.16,77,58,21.74
236,Yar-Sale,RU,2022-10-03 02:40:56,66.8333,70.8333,36.37,87,100,14.32
237,Kaura Namoda,NG,2022-10-03 02:40:56,12.5898,6.5779,76.77,79,92,9.93
238,Kirakira,SB,2022-10-03 02:40:57,-10.4544,161.9205,84.4,71,99,6.06
239,Sombrio,BR,2022-10-03 02:40:57,-29.1139,-49.6167,61.93,91,79,3.69
240,Dondo,MZ,2022-10-03 02:40:57,-19.6094,34.7431,69.31,96,0,2.93
241,Mut,TR,2022-10-03 02:40:58,36.6439,33.4389,66.27,67,0,9.48
242,Krasnoselkup,RU,2022-10-03 02:40:58,65.7,82.4667,33.4,67,100,15.59
243,Sabang,ID,2022-10-03 02:40:58,5.8933,95.3214,82.22,75,27,21.0
244,Saint George,US,2022-10-03 02:39:08,37.1041,-113.5841,79.43,50,0,8.05
245,Pallasovka,RU,2022-10-03 02:40:59,50.05,46.8833,62.17,44,100,23.64
246,Nedjo,ET,2022-10-03 02:40:59,9.5046,35.5019,56.55,96,96,1.3
247,Mayo,US,2022-10-03 02:38:21,38.8876,-76.5119,54.1,93,100,10.0
248,Harper,LR,2022-10-03 02:41:00,4.375,-7.7169,75.65,91,100,6.67
249,Alice Springs,AU,2022-10-03 02:40:10,-23.7,133.8833,85.21,34,40,12.66
250,Escarcega,MX,2022-10-03 02:41:00,18.6089,-90.7454,69.85,90,74,2.95
251,Fairview,US,2022-10-03 02:41:01,40.8126,-73.999,53.78,47,100,21.85
252,Alta Floresta,BR,2022-10-03 02:41:01,-9.8756,-56.0861,78.19,63,74,3.87
253,Codrington,AU,2022-10-03 02:39:46,-38.2667,141.9667,64.4,67,71,4.41
254,Quatre Cocos,MU,2022-10-03 02:41:02,-20.2078,57.7625,71.1,73,71,13.82
255,Waingapu,ID,2022-10-03 02:41:02,-9.6567,120.2641,85.69,65,56,7.76
256,Tigre,AR,2022-10-03 02:41:02,-34.426,-58.5796,61.05,78,20,16.11
257,Bundaberg,AU,2022-10-03 02:41:03,-24.85,152.35,76.21,52,62,5.01
258,Bengkulu,ID,2022-10-03 02:41:03,-3.8004,102.2655,81.3,74,83,2.28
259,Ulladulla,AU,2022-10-03 02:41:03,-35.35,150.4667,63.01,56,69,9.91
260,Yokadouma,CM,2022-10-03 02:41:04,3.5167,15.05,67.14,99,100,1.9
261,Necochea,AR,2022-10-03 02:41:04,-38.5473,-58.7368,41.74,85,39,7.31
262,Teya,RU,2022-10-03 02:41:05,60.3778,92.6267,32.9,71,100,5.82
263,Juruti,BR,2022-10-03 02:41:05,-2.1522,-56.0922,77.7,76,77,2.35
264,Maamba,ZM,2022-10-03 02:41:05,-17.3667,27.15,67.77,32,0,2.42
265,Copalillo,MX,2022-10-03 02:41:06,18.0333,-99.1167,70.92,88,9,2.91
266,Goderich,CA,2022-10-03 02:41:06,43.7501,-81.7165,46.9,76,2,9.22
267,Saint Anthony,US,2022-10-03 02:41:07,45.0205,-93.218,65.98,68,75,11.5
268,Sambava,MG,2022-10-03 02:37:46,-14.2667,50.1667,68.49,76,95,8.39
269,Esil,KZ,2022-10-03 02:41:07,51.9556,66.4042,35.47,45,0,6.71
270,Georgetown,MY,2022-10-03 02:39:55,5.4112,100.3354,84.13,81,20,5.01
271,Yumen,CN,2022-10-03 02:41:07,40.2833,97.2,44.85,11,30,20.56
272,Mount Isa,AU,2022-10-03 02:41:08,-20.7333,139.5,91.17,18,80,9.22
273,Alamo,MX,2022-10-03 02:41:08,20.9167,-97.6833,71.51,87,74,1.95
274,Maningrida,AU,2022-10-03 02:41:09,-12.0667,134.2667,89.19,53,47,11.07
275,Merauke,ID,2022-10-03 02:41:09,-8.4667,140.3333,84.63,71,34,10.63
276,Mbuji-Mayi,CD,2022-10-03 02:41:10,-6.15,23.6,66.94,94,64,1.72
277,Grand-Santi,GF,2022-10-03 02:41:58,4.25,-54.3833,74.05,89,95,3.42
278,Viedma,AR,2022-10-03 02:42:10,-40.8135,-62.9967,45.21,74,100,10.6
279,Mouila,GA,2022-10-03 02:42:10,-1.8685,11.0559,71.4,98,100,1.07
280,Korgen,NO,2022-10-03 02:42:11,66.0771,13.8153,48.18,93,100,5.03
281,La Ronge,CA,2022-10-03 02:42:11,55.1001,-105.2842,64.62,59,0,6.91
282,Padang,ID,2022-10-03 02:42:12,-0.9492,100.3543,84.25,73,100,3.29
283,Olonets,RU,2022-10-03 02:42:12,60.9847,32.9698,37.45,91,99,8.86
284,Lata,PT,2022-10-03 02:42:13,40.1629,-8.3327,62.8,39,18,4.09
285,Brigantine,US,2022-10-03 02:42:14,39.4101,-74.3646,53.02,95,100,13.8
286,Redmond,US,2022-10-03 02:41:00,47.674,-122.1215,72.34,70,0,2.59
287,Katobu,ID,2022-10-03 02:42:14,-4.9408,122.5276,86.41,66,53,2.1
288,Gamba,GA,2022-10-03 02:42:14,-2.65,10.0,74.8,90,100,4.07
289,Tessalit,ML,2022-10-03 02:42:15,20.1986,1.0114,87.84,24,2,8.77
290,Bilma,NE,2022-10-03 02:42:15,18.6853,12.9164,85.41,14,0,9.75
291,Shelburne,CA,2022-10-03 02:42:16,44.0787,-80.2041,44.6,61,25,4.68
292,Ylivieska,FI,2022-10-03 02:42:16,64.0833,24.55,40.32,95,94,4.43
293,Los Llanos De Aridane,ES,2022-10-03 02:42:16,28.6585,-17.9182,68.13,63,75,9.22
294,Ndele,CF,2022-10-03 02:42:17,8.4109,20.6473,70.57,96,100,2.98
295,Presidencia Roque Saenz Pena,AR,2022-10-03 02:42:17,-26.7852,-60.4388,60.64,55,17,6.13
296,Labuan,MY,2022-10-03 02:42:18,5.2767,115.2417,84.56,79,20,3.44
297,Seymour,US,2022-10-03 02:39:23,38.9592,-85.8903,57.16,71,0,1.01
298,Mersing,MY,2022-10-03 02:42:18,2.4312,103.8405,84.11,79,40,0.0
299,Upernavik,GL,2022-10-03 02:42:18,72.7868,-56.1549,19.54,87,48,8.72
300,Dicabisagan,PH,2022-10-03 02:42:19,17.0818,122.4157,82.36,80,95,5.48
301,Sibut,CF,2022-10-03 02:42:19,5.718,19.0739,68.68,98,100,2.62
302,Cabedelo,BR,2022-10-03 02:42:19,-6.9811,-34.8339,74.07,77,10,10.78
303,Novovasylivka,UA,2022-10-03 02:42:20,46.8315,35.7536,51.91,79,36,12.48
304,Maarianhamina,AX,2022-10-03 02:42:20,60.0973,19.9348,40.86,100,0,2.3
305,Ahipara,NZ,2022-10-03 02:42:21,-35.1667,173.1667,60.01,88,69,13.62
306,Kloulklubed,PW,2022-10-03 02:42:21,7.0419,134.2556,86.5,74,100,11.27
307,Raudeberg,NO,2022-10-03 02:42:21,61.9875,5.1352,52.47,1,98,19.35
308,Nuuk,GL,2022-10-03 02:42:22,64.1835,-51.7216,36.21,64,75,6.91
309,Cockburn Town,TC,2022-10-03 02:42:22,21.4612,-71.1419,82.42,77,100,6.58
310,Khatanga,RU,2022-10-03 02:42:23,71.9667,102.5,24.87,96,99,11.68
311,Platanos,GR,2022-10-03 02:42:23,37.6667,21.6167,65.08,65,0,2.53
312,Victoria,HK,2022-10-03 02:38:42,22.2855,114.1577,89.96,77,35,5.99
313,Praia,CV,2022-10-03 02:42:23,14.9215,-23.5087,79.34,73,75,13.8
314,Kamaishi,JP,2022-10-03 02:42:24,39.2667,141.8833,71.15,71,100,9.89
315,Tecolutla,MX,2022-10-03 02:42:24,20.4833,-97.0167,76.55,72,36,5.46
316,Tynda,RU,2022-10-03 02:42:25,55.1667,124.7167,28.74,63,99,10.89
317,Buloh Kasap,MY,2022-10-03 02:42:25,2.5536,102.764,86.09,68,94,1.59
318,Soe,ID,2022-10-03 02:42:25,-9.8607,124.284,84.4,50,13,3.8
319,Koutsouras,GR,2022-10-03 02:42:26,35.0339,25.9469,75.11,54,0,25.03
320,Penzance,GB,2022-10-03 02:42:26,50.1186,-5.5371,50.68,77,72,6.96
321,Lagoa,PT,2022-10-03 02:42:27,39.05,-27.9833,70.63,86,63,5.01
322,Puerto Escondido,MX,2022-10-03 02:40:38,15.85,-97.0667,78.62,84,100,4.25
323,Tiksi,RU,2022-10-03 02:41:25,71.6872,128.8694,26.35,88,100,7.74
324,Tres Arroyos,AR,2022-10-03 02:42:27,-38.3739,-60.2798,38.62,90,66,7.36
325,Lena,ES,2022-10-03 02:43:28,43.1,-5.7333,49.35,59,88,4.47
326,Erzin,TR,2022-10-03 02:43:28,36.9559,36.2,71.53,87,39,1.72
327,Keuruu,FI,2022-10-03 02:43:28,62.2667,24.7,41.18,95,99,0.54
328,Brae,GB,2022-10-03 02:43:29,60.3964,-1.353,53.49,94,68,15.99
329,Nelson,NZ,2022-10-03 02:43:29,-41.2833,173.2833,54.23,87,97,5.41
330,Oistins,BB,2022-10-03 02:43:30,13.0667,-59.5333,78.89,94,40,4.61
331,Winnemucca,US,2022-10-03 02:43:30,40.973,-117.7357,66.25,26,0,3.44
332,Karratha,AU,2022-10-03 02:43:31,-20.7377,116.8463,83.57,33,0,6.11
333,Virginia Beach,US,2022-10-03 02:40:18,36.8529,-75.978,63.01,88,100,14.97
334,Stornoway,GB,2022-10-03 02:43:32,58.2093,-6.3865,53.92,88,100,9.22
335,Alofi,NU,2022-10-03 02:43:32,-19.0595,-169.9187,80.49,54,14,14.97
336,Namatanai,PG,2022-10-03 02:43:32,-3.6667,152.4333,84.27,68,36,7.99
337,Coihaique,CL,2022-10-03 02:41:04,-45.5752,-72.0662,53.55,54,0,4.61
338,Royan,FR,2022-10-03 02:43:33,45.6285,-1.0281,58.78,90,95,4.99
339,Jurm,AF,2022-10-03 02:43:33,36.8648,70.8342,55.58,43,24,0.69
340,Wyndham,US,2022-10-03 02:43:34,37.6985,-77.6125,54.23,90,100,10.0
341,North Bend,US,2022-10-03 02:43:34,43.4065,-124.2243,59.23,91,100,6.91
342,Ancud,CL,2022-10-03 02:43:35,-41.8697,-73.8203,48.83,78,100,4.14
343,Gao,ML,2022-10-03 02:43:35,16.6362,1.637,88.86,37,15,11.5
344,Mulanje,MW,2022-10-03 02:43:00,-16.0316,35.5,67.01,71,0,3.18
345,Odweyne,SO,2022-10-03 02:43:36,9.4092,45.064,70.21,65,46,11.88
346,College,US,2022-10-03 02:43:36,64.8569,-147.8028,45.59,86,75,4.61
347,Taoudenni,ML,2022-10-03 02:43:36,22.6783,-3.9836,90.39,24,12,12.57
348,Berlevag,NO,2022-10-03 02:39:41,70.8578,29.0864,41.0,87,100,6.91
349,Berbera,SO,2022-10-03 02:43:37,10.4396,45.0143,87.13,67,40,2.66
350,Toyooka,JP,2022-10-03 02:43:37,35.5333,134.8333,80.65,61,75,12.66
351,Pedernales,DO,2022-10-03 02:43:38,18.0384,-71.744,81.05,72,67,3.69
352,Port Blair,IN,2022-10-03 02:43:38,11.6667,92.75,84.24,79,75,8.05
353,Voh,NC,2022-10-03 02:43:38,-20.9667,164.7,76.8,58,97,10.49
354,Sur,OM,2022-10-03 02:43:39,22.5667,59.5289,80.24,73,2,6.13
355,Balabac,PH,2022-10-03 02:43:39,7.9868,117.0645,84.94,71,100,10.89
356,Olafsvik,IS,2022-10-03 02:43:40,64.8945,-23.7142,47.08,78,42,20.89
357,Sola,VU,2022-10-03 02:43:40,-13.8833,167.55,80.76,75,33,6.33
358,Montefiascone,IT,2022-10-03 02:43:41,42.5393,12.0362,59.49,88,100,5.01
359,San Buenaventura,MX,2022-10-03 02:43:41,27.0833,-101.5333,72.48,44,100,5.93
360,Yaan,NG,2022-10-03 02:43:41,7.3833,8.5667,71.82,97,100,4.12
361,Umm Bab,QA,2022-10-03 02:43:42,25.2142,50.8072,82.65,56,0,4.32
362,Verkhnevilyuysk,RU,2022-10-03 02:43:42,63.4453,120.3167,31.17,66,91,5.55
363,Fukuma,JP,2022-10-03 02:43:43,33.7667,130.4667,87.3,62,54,1.81
364,Tiarei,PF,2022-10-03 02:43:43,-17.5333,-149.3333,80.62,73,77,13.69
365,Hermiston,US,2022-10-03 02:43:44,45.8404,-119.2895,75.18,57,0,0.0
366,Tomatlan,MX,2022-10-03 02:43:44,19.9333,-105.25,74.21,92,100,5.21
367,Camacha,PT,2022-10-03 02:43:44,33.0833,-16.3333,67.42,73,20,4.61
368,Farah,AF,2022-10-03 02:43:45,32.5,62.5,61.83,25,0,3.56
369,Anadyr,RU,2022-10-03 02:44:45,64.75,177.4833,34.3,69,75,11.18
370,Thiruvananthapuram,IN,2022-10-03 02:44:38,8.4833,76.9167,76.98,94,75,3.44
371,Denton,US,2022-10-03 02:42:09,33.2001,-97.1336,74.89,47,0,0.0
372,Tambopata,PE,2022-10-03 02:44:46,-12.7333,-69.1833,75.15,67,58,1.12
373,Ugoofaaru,MV,2022-10-03 02:44:46,5.6667,73.0,80.89,76,100,17.98
374,Gushikawa,JP,2022-10-03 02:44:47,26.3544,127.8686,88.83,68,40,16.11
375,Marzuq,YE,2022-10-03 02:44:48,14.4,46.4667,71.87,35,24,3.42
376,Melilla,ES,2022-10-03 02:44:48,35.2937,-2.9383,70.18,83,75,9.22
377,Kita,ML,2022-10-03 02:44:49,13.0349,-9.4895,72.16,87,87,3.29
378,Angoche,MZ,2022-10-03 02:44:49,-16.2325,39.9086,72.32,89,20,2.8
379,Chegdomyn,RU,2022-10-03 02:44:49,51.1167,133.0167,37.11,87,100,3.78
380,Bara,NG,2022-10-03 02:44:50,10.3744,10.7288,72.12,92,66,8.72
381,Peterhead,GB,2022-10-03 02:44:50,57.5058,-1.7981,50.4,79,32,6.62
382,Puerto Del Rosario,ES,2022-10-03 02:44:51,28.5004,-13.8627,71.35,94,100,9.22
383,Kungurtug,RU,2022-10-03 02:44:51,50.5994,97.5228,28.81,29,0,0.76
384,Bulgan,MN,2022-10-03 02:44:52,48.8125,103.5347,31.5,43,2,5.28
385,Biak,ID,2022-10-03 02:44:52,-0.9131,122.8766,83.21,69,88,1.54
386,Tazovskiy,RU,2022-10-03 02:44:52,67.4667,78.7,33.46,79,100,13.73
387,Isabela,PH,2022-10-03 02:44:53,6.7085,121.9711,78.85,68,100,7.65
388,Sept-Iles,CA,2022-10-03 02:44:14,50.2001,-66.3821,42.8,71,40,4.61
389,Tayu,ID,2022-10-03 02:44:53,-6.5397,111.0518,89.33,57,77,4.07
390,Pangody,RU,2022-10-03 02:44:54,65.85,74.4859,33.78,84,100,16.42
391,Arona,ES,2022-10-03 02:44:54,28.0996,-16.681,71.91,64,20,18.41
392,San Quintin,MX,2022-10-03 02:44:55,30.4833,-115.95,68.13,79,37,12.21
393,Port Lincoln,AU,2022-10-03 02:44:21,-34.7333,135.8667,63.43,60,100,8.99
394,Pechora,RU,2022-10-03 02:44:55,65.1472,57.2244,42.57,99,100,3.36
395,Te Anau,NZ,2022-10-03 02:44:56,-45.4167,167.7167,47.52,72,79,3.98
396,Bukama,CD,2022-10-03 02:44:56,-9.2,25.85,71.83,71,74,0.83
397,Matara,LK,2022-10-03 02:44:57,5.9485,80.5353,81.07,78,93,17.6
398,Barrow,US,2022-10-03 02:44:57,71.2906,-156.7887,28.42,74,100,11.5
399,Bandarbeyla,SO,2022-10-03 02:44:57,9.4942,50.8122,77.11,79,94,20.13
400,Komsomolskiy,UZ,2022-10-03 02:44:58,40.4272,71.7189,57.92,47,33,6.91
401,Pangnirtung,CA,2022-10-03 02:44:58,66.1451,-65.7125,29.53,64,11,2.64
402,Port Macquarie,AU,2022-10-03 02:44:59,-31.4333,152.9167,64.89,63,56,7.94
403,Kigoma,TZ,2022-10-03 02:44:59,-4.8769,29.6267,74.8,70,86,3.38
404,Sosva,RU,2022-10-03 02:44:59,59.1766,61.8558,45.81,84,100,10.71
405,Backo Gradiste,RS,2022-10-03 02:45:00,45.5328,20.0283,56.68,90,100,9.26
406,Puerto Madryn,AR,2022-10-03 02:40:53,-42.7692,-65.0385,48.15,71,100,18.5
407,Sakakah,SA,2022-10-03 02:45:00,29.9697,40.2064,74.77,17,0,3.15
408,Manggar,ID,2022-10-03 02:45:01,-2.8833,108.2667,83.97,68,74,3.09
409,Finote Selam,ET,2022-10-03 02:45:01,10.7,37.2667,57.31,94,94,1.25
410,Piet Retief,ZA,2022-10-03 02:45:02,-27.0071,30.8132,58.26,84,0,4.5
411,Teahupoo,PF,2022-10-03 02:45:02,-17.8333,-149.2667,75.16,72,100,11.97
412,Mana,GF,2022-10-03 02:45:03,5.6592,-53.7767,77.74,90,100,7.61
413,Carmo Do Rio Claro,BR,2022-10-03 02:45:03,-20.9719,-46.1189,67.93,71,29,1.79
414,San Jose De Guanipa,VE,2022-10-03 02:46:03,8.8872,-64.1651,77.18,78,85,4.83
415,Leh,IN,2022-10-03 02:46:04,34.1667,77.5833,46.18,47,1,4.18
416,Hollabrunn,AT,2022-10-03 02:46:04,48.55,16.0833,54.1,86,15,1.01
417,Huarmey,PE,2022-10-03 02:46:05,-10.0681,-78.1522,62.65,86,54,7.74
418,Plettenberg Bay,ZA,2022-10-03 02:46:05,-34.0527,23.3716,57.52,82,22,8.23
419,Waipawa,NZ,2022-10-03 02:46:05,-41.4122,175.5153,45.32,91,100,13.89
420,Lompoc,US,2022-10-03 02:46:01,34.6391,-120.4579,64.02,86,0,6.91
421,Marquette,US,2022-10-03 02:46:06,46.5333,-87.6335,49.77,89,0,6.76
422,Akdepe,TM,2022-10-03 02:46:06,42.0551,59.3788,37.49,32,0,9.17
423,Porto Novo,BJ,2022-10-03 02:46:07,6.4965,2.6036,75.02,94,51,2.8
424,Annau,TM,2022-10-03 02:46:07,37.8876,58.516,49.5,40,0,2.3
425,Cerrito,CO,2022-10-03 02:46:07,6.8432,-72.694,51.3,90,45,4.5
426,Hwange,ZW,2022-10-03 02:46:08,-18.3693,26.5019,68.31,32,0,1.74
427,Weiser,US,2022-10-03 02:46:08,44.251,-116.9693,70.0,47,4,2.37
428,Porto-Vecchio,FR,2022-10-03 02:46:09,41.591,9.2795,67.66,73,0,14.97
429,Oyama,JP,2022-10-03 02:46:09,36.3,139.8,79.59,45,95,4.21
430,Obera,AR,2022-10-03 02:41:23,-27.4871,-55.1199,53.1,92,0,3.18
431,Ravar,IR,2022-10-03 02:46:10,31.2656,56.8055,69.49,28,0,1.79
432,Kaeo,NZ,2022-10-03 02:46:10,-35.1,173.7833,62.56,80,64,9.93
433,Vila Do Maio,CV,2022-10-03 02:46:11,15.1333,-23.2167,79.59,75,100,10.36
434,Campoverde,PE,2022-10-03 02:46:11,-8.4753,-74.8058,82.09,71,54,2.15
435,Ouadda,CF,2022-10-03 02:46:11,8.0777,22.4007,66.43,98,100,2.21
436,Abu Kamal,SY,2022-10-03 02:46:12,34.4506,40.9171,75.83,25,4,8.37
437,Kalagarh,IN,2022-10-03 02:46:12,29.5,78.75,80.04,59,0,1.74
438,Beipiao,CN,2022-10-03 02:46:13,41.7919,120.7792,41.72,75,100,23.69
439,Moshenskoye,RU,2022-10-03 02:46:13,58.5102,34.5911,42.98,94,100,14.2
440,Sarahan,IN,2022-10-03 02:46:13,31.5167,77.8,64.78,40,22,1.43
441,Clarence Town,AU,2022-10-03 02:46:14,-32.5833,151.7833,69.15,60,83,7.49
442,Northam,GB,2022-10-03 02:43:27,51.0333,-4.2167,50.61,93,96,6.62
443,Pevek,RU,2022-10-03 02:46:15,69.7008,170.3133,30.04,84,100,11.52
444,Gornopravdinsk,RU,2022-10-03 02:46:15,60.05,69.9,38.41,64,100,11.65
445,Clinton,US,2022-10-03 02:43:46,42.587,-82.9199,53.62,76,0,5.75
446,Yuzhno-Kurilsk,RU,2022-10-03 02:46:16,44.0306,145.8556,60.44,77,99,15.79
447,Baturaja,ID,2022-10-03 02:46:16,-4.1333,104.1667,89.2,58,54,0.38
448,Ribeira Grande,PT,2022-10-03 02:46:17,38.5167,-28.7,71.28,88,20,8.32
449,Nhulunbuy,AU,2022-10-03 02:46:17,-12.2333,136.7667,88.41,62,40,10.36
450,Puerto Madero,MX,2022-10-03 02:46:18,14.7208,-92.4215,78.82,79,100,4.83
451,Sioux Lookout,CA,2022-10-03 02:46:18,50.1001,-91.917,53.67,87,0,4.61
452,Powassan,CA,2022-10-03 02:46:18,46.0334,-79.3496,45.46,78,90,2.73
453,Maxixe,MZ,2022-10-03 02:46:19,-23.8597,35.3472,67.93,89,6,4.29
454,Dubbo,AU,2022-10-03 02:43:55,-32.25,148.6167,68.13,40,98,8.05
455,Marion,US,2022-10-03 02:42:27,39.7684,-86.1555,61.14,63,0,9.22
456,Warrington,GB,2022-10-03 02:46:20,53.3925,-2.5802,51.98,93,100,4.61
457,Najran,SA,2022-10-03 02:46:20,17.4924,44.1277,66.85,22,19,1.83
458,Novokayakent,RU,2022-10-03 02:46:21,42.3937,47.9861,68.23,72,89,12.5
459,Sohag,EG,2022-10-03 02:46:21,26.557,31.6948,80.89,31,0,9.4
460,Lagos,NG,2022-10-03 02:42:57,6.5833,3.75,77.32,98,68,2.24
461,Isangel,VU,2022-10-03 02:47:22,-19.55,169.2667,82.51,83,75,2.3
462,Itapeva,BR,2022-10-03 02:47:22,-23.9822,-48.8756,58.66,96,29,6.87
463,Sao Luiz Gonzaga,BR,2022-10-03 02:47:23,-28.4083,-54.9608,53.53,82,0,7.05
464,Alyangula,AU,2022-10-03 02:47:23,-13.8483,136.4192,84.6,65,98,13.15
465,Bethanien,NA,2022-10-03 02:47:23,-26.502,17.1583,65.71,28,6,4.12
466,Almendralejo,ES,2022-10-03 02:47:24,38.6832,-6.4075,67.87,41,11,5.5
467,Esmeraldas,BR,2022-10-03 02:44:41,-19.7625,-44.3139,72.46,70,92,2.39
468,Korop,UA,2022-10-03 02:47:24,51.5664,32.9586,43.03,93,100,18.75
469,Ketchikan,US,2022-10-03 02:47:25,55.3422,-131.6461,52.27,82,0,8.05
470,Santa Rosalia,MX,2022-10-03 02:47:25,27.3167,-112.2833,79.83,41,0,4.23
471,Sinnamary,GF,2022-10-03 02:47:25,5.3833,-52.95,78.35,90,100,7.58
472,San Antonio,US,2022-10-03 02:47:26,29.4241,-98.4936,77.16,44,0,4.61
473,Charyshskoye,RU,2022-10-03 02:47:26,51.3978,83.5598,34.9,65,4,2.44
474,Dudinka,RU,2022-10-03 02:47:27,69.4058,86.1778,31.62,94,100,18.25
475,Camara De Lobos,PT,2022-10-03 02:47:27,32.6333,-16.9667,70.43,76,20,8.01
476,Tukrah,LY,2022-10-03 02:47:27,32.5341,20.5791,73.31,70,0,14.29
477,Kjopsvik,NO,2022-10-03 02:47:28,68.097,16.3742,44.47,90,100,6.93
478,Riyadh,SA,2022-10-03 02:47:22,24.6877,46.7219,69.94,16,0,5.46
479,Saint-Pierre,RE,2022-10-03 02:47:28,-21.3393,55.4781,73.56,63,0,8.05
480,Saldanha,ZA,2022-10-03 02:47:29,-33.0117,17.9442,57.25,88,100,3.33
481,Gat,IL,2022-10-03 02:47:29,31.61,34.7642,75.4,66,0,5.79
482,Tiznit,MA,2022-10-03 02:47:29,29.5833,-9.5,74.53,29,0,6.02
483,Pacifica,US,2022-10-03 02:46:01,37.6138,-122.4869,65.79,81,20,12.66
484,Mogadishu,SO,2022-10-03 02:47:30,2.0371,45.3438,76.42,84,100,15.41
485,Srednekolymsk,RU,2022-10-03 02:47:30,67.45,153.6833,28.98,64,89,3.31
486,Bage,BR,2022-10-03 02:45:06,-31.3314,-54.1069,51.58,87,0,6.91
487,Okhotsk,RU,2022-10-03 02:47:31,59.3833,143.3,39.94,61,92,10.2
488,Lockhart,US,2022-10-03 02:47:31,28.6194,-81.4426,73.9,70,0,8.05
489,Mahibadhoo,MV,2022-10-03 02:47:31,3.7833,72.9667,80.69,79,100,16.49
490,Petushki,RU,2022-10-03 02:47:32,55.9264,39.461,57.47,95,100,12.77
491,Guasdualito,VE,2022-10-03 02:47:32,7.2424,-70.7324,77.0,100,20,1.14
492,Sergeyevka,KZ,2022-10-03 02:47:32,53.88,67.4158,33.89,52,1,5.59
493,Starokostyantyniv,UA,2022-10-03 02:47:33,49.7576,27.2034,48.4,89,100,17.34
494,Udachnyy,RU,2022-10-03 02:47:33,66.4167,112.4,26.46,92,97,14.72
495,La Troncal,EC,2022-10-03 02:47:34,-2.4,-79.3333,73.99,82,81,1.92
496,Maniitsoq,GL,2022-10-03 02:47:34,65.4167,-52.9,35.02,59,75,3.98
497,Garowe,SO,2022-10-03 02:47:34,8.4054,48.4845,74.3,71,83,16.64
498,Liepaja,LV,2022-10-03 02:47:35,56.5419,21.0367,48.18,93,75,10.36
499,Pilar,BR,2022-10-03 02:47:35,-9.5972,-35.9567,69.73,81,4,4.25
500,Arboletes,CO,2022-10-03 02:47:35,8.8505,-76.4269,79.61,80,13,8.55
501,Sao Filipe,CV,2022-10-03 02:47:36,14.8961,-24.4956,77.67,74,66,10.02
502,Inhambane,MZ,2022-10-03 02:47:36,-23.865,35.3833,68.94,87,8,4.92
503,Verkh-Usugli,RU,2022-10-03 02:47:37,52.7,115.1667,32.97,24,12,9.82
504,Talaga,PH,2022-10-03 02:47:37,15.3851,120.5857,81.52,78,100,0.11
505,Ngunguru,NZ,2022-10-03 02:47:37,-35.6167,174.5,61.41,78,67,15.39
506,Caravelas,BR,2022-10-03 02:47:38,-17.7125,-39.2481,72.9,94,17,6.38
507,San Luis,AR,2022-10-03 02:46:22,-33.295,-66.3356,65.25,38,0,10.22
508,Luena,AO,2022-10-03 02:48:38,-11.7833,19.9167,59.97,74,62,4.99
509,Buraydah,SA,2022-10-03 02:48:39,26.326,43.975,70.25,14,0,6.64
510,Abu Samrah,SY,2022-10-03 02:48:39,35.3029,37.1841,71.1,59,0,7.45
511,Ratnagiri,IN,2022-10-03 02:45:48,16.9833,73.3,78.94,84,80,7.87
512,Williams Lake,CA,2022-10-03 02:48:30,52.1415,-122.1445,69.37,65,20,3.44
513,Independence,US,2022-10-03 02:48:39,39.0911,-94.4155,68.79,53,0,4.61
514,Corinto,GR,2022-10-03 02:48:40,37.9407,22.9573,67.89,67,0,2.48
515,Muros,ES,2022-10-03 02:48:40,42.7762,-9.0603,57.83,92,100,5.73
516,Bati,ET,2022-10-03 02:48:41,11.1833,40.0167,63.45,78,100,5.84
517,Cape Canaveral,US,2022-10-03 02:48:41,28.4058,-80.6048,76.98,79,0,0.0
518,Goba,ET,2022-10-03 02:48:41,7.0167,39.9833,47.14,88,63,4.88
519,Kahului,US,2022-10-03 02:48:42,20.8947,-156.47,80.62,86,75,17.27
520,Margate,GB,2022-10-03 02:46:21,51.3813,1.3862,48.9,69,99,3.44
521,Guinticgan,PH,2022-10-03 02:48:42,11.5641,123.1236,84.43,75,80,10.47
522,Grand Gaube,MU,2022-10-03 02:48:42,-20.0064,57.6608,71.38,65,75,3.0
523,Lodja,CD,2022-10-03 02:48:43,-3.4833,23.4333,64.85,99,92,2.44
524,Ambilobe,MG,2022-10-03 02:48:43,-13.2,49.05,63.72,75,3,3.85
525,Jalu,LY,2022-10-03 02:48:44,29.0331,21.5482,71.1,61,0,12.75
526,Panaba,MX,2022-10-03 02:48:44,21.2833,-88.2667,72.45,90,77,5.68
527,Yatou,CN,2022-10-03 02:48:44,37.15,122.3833,66.38,94,93,5.68
528,Taggia,IT,2022-10-03 02:48:45,43.8485,7.8545,67.41,86,42,5.82
529,Srandakan,ID,2022-10-03 02:48:45,-7.9386,110.2506,80.44,80,100,9.86
530,Pochutla,MX,2022-10-03 02:48:46,15.7432,-96.4661,78.82,90,100,3.53
531,Visby,SE,2022-10-03 02:48:46,57.6409,18.296,48.42,93,94,6.91
532,Kindersley,CA,2022-10-03 02:48:47,51.4668,-109.1682,57.22,67,40,3.44
533,Upata,VE,2022-10-03 02:48:47,8.0086,-62.3989,77.2,93,66,3.6
534,Russkaya Polyana,UA,2022-10-03 02:48:47,49.417,31.9201,49.12,87,100,13.29
535,Lalmohan,BD,2022-10-03 02:48:48,22.3384,90.7419,82.76,82,99,19.98
536,Diffa,NE,2022-10-03 02:48:48,13.3154,12.6113,82.49,58,96,13.58
537,Alexandria,EG,2022-10-03 02:45:47,31.2156,29.9553,75.74,62,0,14.18
538,Westport,US,2022-10-03 02:48:49,41.1415,-73.3579,53.56,56,0,14.97
539,Beringovskiy,RU,2022-10-03 02:48:50,63.05,179.3167,39.97,77,97,12.55
540,Miraflores,MX,2022-10-03 02:48:50,19.2167,-98.8083,64.02,83,81,1.59
541,Fort Saint James,CA,2022-10-03 02:48:51,54.4333,-124.25,55.78,69,92,1.9
542,Axim,GH,2022-10-03 02:48:51,4.8699,-2.2405,74.84,92,94,3.94
543,Joigny,FR,2022-10-03 02:48:53,47.9829,3.401,53.82,96,9,5.23
544,Vardo,NO,2022-10-03 02:48:53,70.3705,31.1107,39.18,93,100,4.61
545,Mehran,IR,2022-10-03 02:48:53,33.1222,46.1646,81.05,16,0,2.21
546,Dingzhou,CN,2022-10-03 02:48:54,38.5131,114.9956,66.31,95,100,11.77
547,Puerto Varas,CL,2022-10-03 02:47:22,-41.3195,-72.9854,50.22,87,0,0.0
548,Escanaba,US,2022-10-03 02:48:54,45.7453,-87.0646,48.94,92,0,1.01
549,Matale,LK,2022-10-03 02:48:55,7.4721,80.6234,76.95,80,91,6.96
550,Launceston,AU,2022-10-03 02:48:55,-41.45,147.1667,63.61,51,75,12.66
551,Port-Cartier,CA,2022-10-03 02:48:55,50.0334,-66.8654,42.48,60,13,5.26
552,Belem,BR,2022-10-03 02:44:05,-1.4558,-48.5044,77.04,88,0,9.22
553,Yuxia,CN,2022-10-03 02:48:56,34.0615,108.6291,59.61,86,100,8.34
554,Prado,BR,2022-10-03 02:48:57,-17.3411,-39.2208,72.99,94,18,6.96
555,Yulara,AU,2022-10-03 02:49:57,-25.2406,130.9889,80.44,34,40,19.57
556,Jieshi,CN,2022-10-03 02:49:57,22.8134,115.8257,84.52,69,1,8.68
557,Albanel,CA,2022-10-03 02:49:58,48.8832,-72.4487,35.74,80,0,8.05
558,Marakkanam,IN,2022-10-03 02:49:58,12.2,79.95,82.74,63,100,11.1
559,Ahuimanu,US,2022-10-03 02:49:59,21.4447,-157.8378,80.31,82,100,9.22
560,Sorong,ID,2022-10-03 02:49:59,-0.8833,131.25,82.83,72,26,5.64
561,Basco,PH,2022-10-03 02:49:59,20.4487,121.9702,83.97,73,75,16.31
562,Nyurba,RU,2022-10-03 02:50:00,63.2842,118.3319,30.87,71,93,5.73
563,Thunder Bay,CA,2022-10-03 02:50:00,48.4001,-89.3168,46.31,93,0,1.14
564,Piacabucu,BR,2022-10-03 02:50:01,-10.4056,-36.4344,72.52,75,0,7.7
565,Taitung,TW,2022-10-03 02:50:02,22.7583,121.1444,86.27,74,40,4.61
566,Savannah Bight,HN,2022-10-03 02:50:03,16.45,-85.85,82.62,70,82,6.89
567,Kayerkan,RU,2022-10-03 02:50:04,69.3497,87.7602,30.52,100,100,12.12
568,Zhuhai,CN,2022-10-03 02:50:04,22.2769,113.5678,89.31,79,40,5.75
569,Dingle,PH,2022-10-03 02:50:04,10.9995,122.6711,86.54,71,91,7.99
570,Kpalime,TG,2022-10-03 02:50:05,6.9,0.6333,72.21,96,99,1.77
571,Khorixas,NA,2022-10-03 02:50:05,-20.3667,14.9667,67.64,25,0,3.67
572,Hofn,IS,2022-10-03 02:50:06,64.2539,-15.2082,45.73,87,100,0.67
573,Umm Lajj,SA,2022-10-03 02:50:06,25.0213,37.2685,82.98,50,0,3.96
574,Saint-Michel-Des-Saints,CA,2022-10-03 02:50:06,46.6834,-73.9159,33.94,69,0,1.19
575,Dzilam Gonzalez,MX,2022-10-03 02:50:07,21.2833,-88.9333,73.56,89,55,4.41
576,Tual,ID,2022-10-03 02:50:07,-5.6667,132.75,82.96,73,29,8.88
